item_id,title,brand,category_id,domain_id,price,base_price,original_price,currency,condition,seller_id,free_shipping,logistic_type,available_quantity,listing_type_id,permalink,status,catalog_listing,catalog_product_id,seller_city,seller_state,seller_country
MLB5276843214,Mi Tv Box S 2a Geração 4k Mdz-28-aa Google Tv Preto,Xiaomi,MLB133950,MLB-STREAMING_MEDIA_DEVICES,450,450,,BRL,new,1625660794,True,drop_off,,gold_special,https://produto.mercadolivre.com.br/MLB-5276843214-mi-tv-box-s-2a-geraco-4k-mdz-28-aa-google-tv-preto-_JM,active,False,MLB13877782,Mauá,São Paulo,Brasil
MLB4775213884,Kit Com  3 Receptor Streaming Express Player Full Hd Roku,Roku,MLB133950,MLB-STREAMING_MEDIA_DEVICES,699,699,,BRL,new,1659464508,True,drop_off,,gold_special,https://produto.mercadolivre.com.br/MLB-4775213884-kit-com-3-receptor-streaming-express-player-full-hd-roku-_JM,active,False,,Itajaí,Santa Catarina,Brasil
MLB4473961308,Aparelho Smart Tv Xiaomi Mi Box S 4k Chromecast Google 2gbs,Xiaomi,MLB133950,MLB-STREAMING_MEDIA_DEVICES,598.99,598.99,,BRL,new,835336458,True,fulfillment,,gold_pro,https://produto.mercadolivre.com.br/MLB-4473961308-aparelho-smart-tv-xiaomi-mi-box-s-4k-chromecast-google-2gbs-_JM,active,False,MLB23069361,Sumaré,São Paulo,Brasil
MLB3595118401,Xiaomi Mi Tv Stick Full Hd 8gb Ram Deixa Tv Smart Original,Xiaomi,MLB133950,MLB-STREAMING_MEDIA_DEVICES,396.97,396.97,,BRL,new,142176597,True,fulfillment,,gold_special,https://produto.mercadolivre.com.br/MLB-3595118401-xiaomi-mi-tv-stick-full-hd-8gb-ram-deixa-tv-smart-original-_JM,active,False,MLB15984002,Sumaré,São Paulo,Brasil
MLB3953292925,Tv Box Mi Stick Xiaomi Android Full Hd Versão Global Cor Preto Tipo De Controle Remoto De Voz,Xiaomi,MLB133950,MLB-STREAMING_MEDIA_DEVICES,309.9,309.9,,BRL,new,2040106018,True,drop_off,,gold_special,https://produto.mercadolivre.com.br/MLB-3953292925-tv-box-mi-stick-xiaomi-android-full-hd-verso-global-cor-preto-tipo-de-controle-remoto-de-voz-_JM,active,True,MLB43275224,São Paulo,São Paulo,Brasil
MLB5270051804,Mi Stick Tv Cor Preto Tipo De Controle Remoto De Voz,Xiaomi,MLB133950,MLB-STREAMING_MEDIA_DEVICES,306,306,,BRL,new,352640462,True,drop_off,,gold_special,https://produto.mercadolivre.com.br/MLB-5270051804-mi-stick-tv-cor-preto-tipo-de-controle-remoto-de-voz-_JM,active,True,MLB42839912,São Bernardo do Campo,São Paulo,Brasil
MLB3928093459,Google Chromecast With Google Tv Full Hd 8gb Snow 2gb Ram,Google,MLB133950,MLB-STREAMING_MEDIA_DEVICES,519,519,,BRL,new,781810444,True,drop_off,,gold_special,https://produto.mercadolivre.com.br/MLB-3928093459-google-chromecast-with-google-tv-full-hd-8gb-snow-2gb-ram-_JM,active,True,MLB38351184,São Bernardo do Campo,São Paulo,Brasil
MLB3928151459,Xiaomi Mi Tv Stick Box Smart Full Hd 8gb Android Cor Azul Tipo De Controle Remoto De Voz,Xiaomi,MLB133950,MLB-STREAMING_MEDIA_DEVICES,311,311,,BRL,new,141935928,True,drop_off,,gold_special,https://produto.mercadolivre.com.br/MLB-3928151459-xiaomi-mi-tv-stick-box-smart-full-hd-8gb-android-cor-azul-tipo-de-controle-remoto-de-voz-_JM,active,True,MLB40336593,Cedral,São Paulo,Brasil
MLB4345011184,Xiaomi Mi Box S Controle De Voz 4k 8gb Preto Com 2gb De Ram,Xiaomi,MLB133950,MLB-STREAMING_MEDIA_DEVICES,545.7,545.7,,BRL,new,821942913,True,xd_drop_off,,gold_pro,https://produto.mercadolivre.com.br/MLB-4345011184-xiaomi-mi-box-s-controle-de-voz-4k-8gb-preto-com-2gb-de-ram-_JM,active,False,MLB13877782,São Paulo,São Paulo,Brasil
MLB4947639774,Xiaomi Mi Tv Stick Controle De Voz Full Hd 8gb 1gb Ram,Xiaomi,MLB133950,MLB-STREAMING_MEDIA_DEVICES,313,313,,BRL,new,521502117,True,drop_off,,gold_special,https://produto.mercadolivre.com.br/MLB-4947639774-xiaomi-mi-tv-stick-controle-de-voz-full-hd-8gb-1gb-ram-_JM,active,True,MLB37678995,São Bernardo do Campo,São Paulo,Brasil
MLB4771174976,Kit Com 5 Receptor Streaming Express Player Full Hd Roku,Roku,MLB133950,MLB-STREAMING_MEDIA_DEVICES,1375,1375,,BRL,new,1477280987,True,drop_off,,gold_pro,https://produto.mercadolivre.com.br/MLB-4771174976-kit-com-5-receptor-streaming-express-player-full-hd-roku-_JM,active,False,,Itajaí,Santa Catarina,Brasil
MLB1247380835,Xiaomi Mi Box S Smart Tv Box Android 4k Uhd Hdr Mdz-22-ab,Xiaomi,MLB133950,MLB-STREAMING_MEDIA_DEVICES,598,598,,BRL,new,238454725,True,xd_drop_off,,gold_pro,https://produto.mercadolivre.com.br/MLB-1247380835-xiaomi-mi-box-s-smart-tv-box-android-4k-uhd-hdr-mdz-22-ab-_JM,active,False,MLB23069361,São Paulo,São Paulo,Brasil
MLB4842885632,Mi Tv Stick 2ª Geração Xiaomi Controle De Voz Full Hd 8gb,Xiaomi,MLB133950,MLB-STREAMING_MEDIA_DEVICES,352.2,352.2,,BRL,new,1546196178,True,drop_off,,gold_pro,https://produto.mercadolivre.com.br/MLB-4842885632-mi-tv-stick-2-geraco-xiaomi-controle-de-voz-full-hd-8gb-_JM,active,False,MLB15984002,São Paulo,São Paulo,Brasil
MLB2779440025,Google Chromecast Ga00439 3ª Geração Full Hd Giz,Google,MLB133950,MLB-STREAMING_MEDIA_DEVICES,549.99,549.99,,BRL,new,276901797,True,xd_drop_off,,gold_special,https://produto.mercadolivre.com.br/MLB-2779440025-google-chromecast-ga00439-3-geraco-full-hd-giz-_JM,active,True,MLB14630236,São Paulo,São Paulo,Brasil
MLB1929903571, Xiaomi Mi Box S De Voz 4k Hdmi Wi-fi Chromecast Original,Xiaomi,MLB133950,MLB-STREAMING_MEDIA_DEVICES,519,519,,BRL,new,740297902,True,xd_drop_off,,gold_pro,https://produto.mercadolivre.com.br/MLB-1929903571-xiaomi-mi-box-s-de-voz-4k-hdmi-wi-fi-chromecast-original-_JM,active,False,MLB13877782,Nhandeara,São Paulo,Brasil
MLB5092989186,Mi Tv Stick Xiaomi Controle De Voz Full Hd 8gb 1gb Ram,Xiaomi,MLB133950,MLB-STREAMING_MEDIA_DEVICES,359,359,,BRL,new,1819592683,True,xd_drop_off,,gold_pro,https://produto.mercadolivre.com.br/MLB-5092989186-mi-tv-stick-xiaomi-controle-de-voz-full-hd-8gb-1gb-ram-_JM,active,False,MLB15984002,Potirendaba,São Paulo,Brasil
MLB3191260683,Xiaomi Stick 4k Mdz-27-aa De Voz 8gb Preto 2gb Ram,Xiaomi,MLB133950,MLB-STREAMING_MEDIA_DEVICES,378,378,,BRL,new,754508624,True,cross_docking,,gold_special,https://produto.mercadolivre.com.br/MLB-3191260683-xiaomi-stick-4k-mdz-27-aa-de-voz-8gb-preto-2gb-ram-_JM,active,False,MLB22726590,São Paulo,São Paulo,Brasil
MLB4424963812,Roku Express | Dispositivo De Streaming Para Tv Hd/full Hd Com Controle Remoto,Roku,MLB133950,MLB-STREAMING_MEDIA_DEVICES,249.9,249.9,,BRL,new,1089439174,True,fulfillment,,gold_special,https://produto.mercadolivre.com.br/MLB-4424963812-roku-express-dispositivo-de-streaming-para-tv-hdfull-hd-com-controle-remoto-_JM,active,True,MLB21087858,Vila Velha,Espírito Santo,Brasil
MLB3969772873,Roku Express 3960 | Streaming Tv Box Full Hd Preto,Roku,MLB133950,MLB-STREAMING_MEDIA_DEVICES,317,317,,BRL,new,1686932505,True,xd_drop_off,,gold_special,https://produto.mercadolivre.com.br/MLB-3969772873-roku-express-3960-streaming-tv-box-full-hd-preto-_JM,active,False,MLB21087857,Curitiba,Paraná,Brasil
MLB3417901957,Roku Express | Dispositivo De Streaming Para Tv Hd/full Hd Com Controle Remoto,Roku,MLB133950,MLB-STREAMING_MEDIA_DEVICES,300,300,,BRL,new,1089439174,True,cross_docking,,gold_special,https://produto.mercadolivre.com.br/MLB-3417901957-roku-express-dispositivo-de-streaming-para-tv-hdfull-hd-com-controle-remoto-_JM,active,True,MLB15970894,Vila Velha,Espírito Santo,Brasil
MLB3969176727,Roku Express Streaming Player Full Hd Com Controle Hdmi Usb,Roku,MLB133950,MLB-STREAMING_MEDIA_DEVICES,310.9,310.9,,BRL,new,2137405241,True,drop_off,,gold_pro,https://produto.mercadolivre.com.br/MLB-3969176727-roku-express-streaming-player-full-hd-com-controle-hdmi-usb-_JM,active,False,,Maringá,Paraná,Brasil
MLB3560112261,Xiaomi Mi Box S Controle De Voz 4k 8gb Preto Com 2gb De Ram,Xiaomi,MLB133950,MLB-STREAMING_MEDIA_DEVICES,545.7,545.7,,BRL,new,749434500,True,xd_drop_off,,gold_pro,https://produto.mercadolivre.com.br/MLB-3560112261-xiaomi-mi-box-s-controle-de-voz-4k-8gb-preto-com-2gb-de-ram-_JM,active,False,MLB13877782,São Paulo,São Paulo,Brasil
MLB5278347916,Roku Express | Dispositivo De Streaming Para Tv Hd/full Hd C,Roku,MLB133950,MLB-STREAMING_MEDIA_DEVICES,242.9,242.9,,BRL,new,1345417831,True,xd_drop_off,,gold_special,https://produto.mercadolivre.com.br/MLB-5278347916-roku-express-dispositivo-de-streaming-para-tv-hdfull-hd-c-_JM,active,False,MLB21087857,Campanha,Minas Gerais,Brasil
MLB3961697303,Roku Express | Dispositivo De Streaming Para Tv Hd/full Hd C,Roku,MLB133950,MLB-STREAMING_MEDIA_DEVICES,279.9,279.9,,BRL,new,230555858,True,drop_off,,gold_pro,https://produto.mercadolivre.com.br/MLB-3961697303-roku-express-dispositivo-de-streaming-para-tv-hdfull-hd-c-_JM,active,False,,São Paulo,São Paulo,Brasil
MLB3923235193,Roku Express Streaming Player Full Hd Com Controle Hdmi Usb,Roku,MLB133950,MLB-STREAMING_MEDIA_DEVICES,287.0,287.0,,BRL,new,1737442603,True,cross_docking,,gold_special,https://produto.mercadolivre.com.br/MLB-3923235193-roku-express-streaming-player-full-hd-com-controle-hdmi-usb-_JM,active,False,MLB15970893,Extrema,Minas Gerais,Brasil
MLB3882899853,Xiaomi Mi Tv Box S 2º Controle De Voz 4k 8gb Com 2gb De Memória Ram,Xiaomi,MLB133950,MLB-STREAMING_MEDIA_DEVICES,445,445,,BRL,new,352640462,True,drop_off,,gold_special,https://produto.mercadolivre.com.br/MLB-3882899853-xiaomi-mi-tv-box-s-2-controle-de-voz-4k-8gb-com-2gb-de-memoria-ram-_JM,active,True,MLB24219631,São Bernardo do Campo,São Paulo,Brasil
MLB3781696939,Apple Tv 4k (wifi) A2737 3ª Geração 2022 4k 64gb Cor Preto Tipo De Controle Remoto Controle De Voz,Apple,MLB133950,MLB-STREAMING_MEDIA_DEVICES,1616,1616,,BRL,new,183198882,True,cross_docking,,gold_pro,https://produto.mercadolivre.com.br/MLB-3781696939-apple-tv-4k-wifi-a2737-3-geraco-2022-4k-64gb-cor-preto-tipo-de-controle-remoto-controle-de-voz-_JM,active,True,MLB25906731,Rio de Janeiro,Rio de Janeiro,Brasil
MLB5142469666,Xiaomi Mi Box S 2 Geração Wi Fi 5g Fonte Padrão Brasileiro,Xiaomi,MLB133950,MLB-STREAMING_MEDIA_DEVICES,509.99,509.99,,BRL,new,1028695552,True,xd_drop_off,,gold_special,https://produto.mercadolivre.com.br/MLB-5142469666-xiaomi-mi-box-s-2-geraco-wi-fi-5g-fonte-padro-brasileiro-_JM,active,False,MLB23069361,Serra,Espírito Santo,Brasil
MLB3612463351,Xiaomi Mi Tv Stick Português Controle Voz Full Hd 8gb,Xiaomi,MLB133950,MLB-STREAMING_MEDIA_DEVICES,359,359,,BRL,new,161649801,True,cross_docking,,gold_special,https://produto.mercadolivre.com.br/MLB-3612463351-xiaomi-mi-tv-stick-portugus-controle-voz-full-hd-8gb-_JM,active,False,,São Paulo,São Paulo,Brasil
MLB2687461318,Xiaomi Mi Box S 4k Hdr Com Chromecast Google Tv Dolby Vision,Xiaomi,MLB133950,MLB-STREAMING_MEDIA_DEVICES,598,598,,BRL,new,1109354632,True,cross_docking,,gold_pro,https://produto.mercadolivre.com.br/MLB-2687461318-xiaomi-mi-box-s-4k-hdr-com-chromecast-google-tv-dolby-vision-_JM,active,False,MLB23069361,São Paulo,São Paulo,Brasil
MLB3824064549,Xiaomi Mi Tv Stick 4k 2gb De Ram Canais E Apps Em Stream,Xiaomi,MLB133950,MLB-STREAMING_MEDIA_DEVICES,464.9,464.9,,BRL,new,155371599,True,fulfillment,,gold_special,https://produto.mercadolivre.com.br/MLB-3824064549-xiaomi-mi-tv-stick-4k-2gb-de-ram-canais-e-apps-em-stream-_JM,active,False,MLB22726590,Hortolândia,São Paulo,Brasil
MLB3560112259,Xiaomi Mi Box S Controle De Voz 4k 8gb Preto Com 2gb De Ram,Xiaomi,MLB133950,MLB-STREAMING_MEDIA_DEVICES,545.7,545.7,,BRL,new,1444759557,True,xd_drop_off,,gold_pro,https://produto.mercadolivre.com.br/MLB-3560112259-xiaomi-mi-box-s-controle-de-voz-4k-8gb-preto-com-2gb-de-ram-_JM,active,False,MLB13877782,São Paulo,São Paulo,Brasil
MLB5145291738,Mi Tv Stick Xiaomi 4k Controle De Voz Full Hd 2a Geração Cor,Xiaomi,MLB133950,MLB-STREAMING_MEDIA_DEVICES,399,399,,BRL,new,277465680,True,drop_off,,gold_special,https://produto.mercadolivre.com.br/MLB-5145291738-mi-tv-stick-xiaomi-4k-controle-de-voz-full-hd-2a-geraco-cor-_JM,active,False,MLB38431085,São Paulo,São Paulo,Brasil
MLB3831551171,Mi Tv Stick Xiaomi Fhd,Xiaomi,MLB133950,MLB-STREAMING_MEDIA_DEVICES,306,306,,BRL,new,713690492,True,drop_off,,gold_pro,https://produto.mercadolivre.com.br/MLB-3831551171-mi-tv-stick-xiaomi-fhd-_JM,active,True,MLB23284264,São Paulo,São Paulo,Brasil
MLB3972119963,Roku Express Dispositivo De Streaming Para Tv Com Controle,Roku,MLB133950,MLB-STREAMING_MEDIA_DEVICES,444.75,444.75,,BRL,new,235500802,True,xd_drop_off,,gold_pro,https://produto.mercadolivre.com.br/MLB-3972119963-roku-express-dispositivo-de-streaming-para-tv-com-controle-_JM,active,False,MLB21087858,Vargem Grande Paulista,São Paulo,Brasil
MLB3515864245,Roku Express Streaming Player 3960br Full Hd Wi-fi Dual Band,Roku,MLB133950,MLB-STREAMING_MEDIA_DEVICES,299.88,299.88,,BRL,new,54795867,True,cross_docking,,gold_special,https://produto.mercadolivre.com.br/MLB-3515864245-roku-express-streaming-player-3960br-full-hd-wi-fi-dual-band-_JM,active,False,MLB21087857,Belo Horizonte,Minas Gerais,Brasil
MLB3949691963,Xiaomi Mi Tv Box S 2a Geração 4k Original + Nf,Xiaomi,MLB133950,MLB-STREAMING_MEDIA_DEVICES,520.33,520.33,,BRL,new,1146227162,True,drop_off,,gold_pro,https://produto.mercadolivre.com.br/MLB-3949691963-xiaomi-mi-tv-box-s-2a-geraco-4k-original-nf-_JM,active,False,,São Paulo,São Paulo,Brasil
MLB3933125757,Chromecast 4 Rosa Com Controle Remoto 4k Original,Google,MLB133950,MLB-STREAMING_MEDIA_DEVICES,659,659,,BRL,new,82981918,True,fulfillment,,gold_pro,https://produto.mercadolivre.com.br/MLB-3933125757-chromecast-4-rosa-com-controle-remoto-4k-original-_JM,active,False,MLB16233184,Fernandópolis,São Paulo,Brasil
MLB5270079742,Xiaomi Mi Stick Cor Preto Tipo De Controle Remoto De Voz,Xiaomi,MLB133950,MLB-STREAMING_MEDIA_DEVICES,325,325,,BRL,new,352640462,True,drop_off,,gold_special,https://produto.mercadolivre.com.br/MLB-5270079742-xiaomi-mi-stick-cor-preto-tipo-de-controle-remoto-de-voz-_JM,active,True,MLB42864777,São Bernardo do Campo,São Paulo,Brasil
MLB2607147296,Streaming Roku Express Full Hd Com Controle Remoto - 3930br,Roku,MLB133950,MLB-STREAMING_MEDIA_DEVICES,299.0,299.0,,BRL,new,246756278,True,cross_docking,,gold_pro,https://produto.mercadolivre.com.br/MLB-2607147296-streaming-roku-express-full-hd-com-controle-remoto-3930br-_JM,active,False,MLB15970893,Itapecerica da Serra,São Paulo,Brasil
MLB3620196009,Xiaomi Mi Tv Stick Full Hd 8gb Ram Deixa Tv Smart Original,Xiaomi,MLB133950,MLB-STREAMING_MEDIA_DEVICES,425.87,425.87,,BRL,new,1086953531,True,fulfillment,,gold_pro,https://produto.mercadolivre.com.br/MLB-3620196009-xiaomi-mi-tv-stick-full-hd-8gb-ram-deixa-tv-smart-original-_JM,active,False,MLB42838640,Sumaré,São Paulo,Brasil
MLB2790854980,Xiaomi Mi Tv Stick Mdz-24-aa De Voz Full Hd 8gb Global,Xiaomi,MLB133950,MLB-STREAMING_MEDIA_DEVICES,329.99,329.99,,BRL,new,658759505,True,xd_drop_off,,gold_special,https://produto.mercadolivre.com.br/MLB-2790854980-xiaomi-mi-tv-stick-mdz-24-aa-de-voz-full-hd-8gb-global-_JM,active,False,MLB15984002,São Paulo,São Paulo,Brasil
MLB3665837405,Roku Express 3940br 4k Uhd Hdr Streaming Com Controle Remoto,Roku,MLB133950,MLB-STREAMING_MEDIA_DEVICES,499.0,499.0,,BRL,new,54795867,True,cross_docking,,gold_special,https://produto.mercadolivre.com.br/MLB-3665837405-roku-express-3940br-4k-uhd-hdr-streaming-com-controle-remoto-_JM,active,False,MLB18103064,Belo Horizonte,Minas Gerais,Brasil
MLB5164125618,Xiaomi Mi Box S Voice 4k 8gb Preto Com 2gb De Memória Ram,Xiaomi,MLB133950,MLB-STREAMING_MEDIA_DEVICES,469.9,469.9,,BRL,new,401098940,True,drop_off,,gold_pro,https://produto.mercadolivre.com.br/MLB-5164125618-xiaomi-mi-box-s-voice-4k-8gb-preto-com-2gb-de-memoria-ram-_JM,active,True,MLB25917288,São Paulo,São Paulo,Brasil
MLB4031837750,Google Ga03131 Ga03131-us 4ª Geração De Voz Hd 8gb Branco Com 2gb De Memória Ram,Google,MLB133950,MLB-STREAMING_MEDIA_DEVICES,499,499,,BRL,new,21658309,True,drop_off,,gold_special,https://produto.mercadolivre.com.br/MLB-4031837750-google-ga03131-ga03131-us-4-geraco-de-voz-hd-8gb-branco-com-2gb-de-memoria-ram-_JM,active,True,MLB21815165,Ampére,Paraná,Brasil
MLB3079926768,Streaming Roku Express Full Hd Com Controle Remoto,Roku,MLB133950,MLB-STREAMING_MEDIA_DEVICES,299.0,299.0,,BRL,new,246756278,True,cross_docking,,gold_special,https://produto.mercadolivre.com.br/MLB-3079926768-streaming-roku-express-full-hd-com-controle-remoto-_JM,active,False,MLB15970893,Itapecerica da Serra,São Paulo,Brasil
MLB3833235529,Xiaomi Mi Tv Stick 4k 2gb De Ram Canais E Apps Em Stream,Xiaomi,MLB133950,MLB-STREAMING_MEDIA_DEVICES,519,519,,BRL,new,1743059073,True,xd_drop_off,,gold_pro,https://produto.mercadolivre.com.br/MLB-3833235529-xiaomi-mi-tv-stick-4k-2gb-de-ram-canais-e-apps-em-stream-_JM,active,False,MLB15984002,São Paulo,São Paulo,Brasil
MLB3612376891,Xiaomi Mi Tv Box S 2ª Geração 4k Mdz-28-aa Google Tv ,Xiaomi,MLB133950,MLB-STREAMING_MEDIA_DEVICES,549.9,549.9,,BRL,new,161649801,True,cross_docking,,gold_special,https://produto.mercadolivre.com.br/MLB-3612376891-xiaomi-mi-tv-box-s-2-geraco-4k-mdz-28-aa-google-tv-_JM,active,False,MLB23069361,São Paulo,São Paulo,Brasil
MLB3211305518,Xiaomi Mi Tv Stick  De Voz Full Hd 8gb Preto Original ,Xiaomi,MLB133950,MLB-STREAMING_MEDIA_DEVICES,379,379,,BRL,new,807135819,True,xd_drop_off,,gold_special,https://produto.mercadolivre.com.br/MLB-3211305518-xiaomi-mi-tv-stick-de-voz-full-hd-8gb-preto-original-_JM,active,False,MLB37678994,São Paulo,São Paulo,Brasil
MLB4775239684,Kit Com 2 Receptor Streaming Express Player Full Hd Roku,Roku,MLB133950,MLB-STREAMING_MEDIA_DEVICES,469,469,,BRL,new,1659464508,True,drop_off,,gold_special,https://produto.mercadolivre.com.br/MLB-4775239684-kit-com-2-receptor-streaming-express-player-full-hd-roku-_JM,active,False,,Itajaí,Santa Catarina,Brasil
MLB3892802992,Xiaomi Mi Tv Stick Português Controle Voz Full Hd 8gb,Xiaomi,MLB133950,MLB-STREAMING_MEDIA_DEVICES,335,335,,BRL,new,1370710316,True,cross_docking,,gold_pro,https://produto.mercadolivre.com.br/MLB-3892802992-xiaomi-mi-tv-stick-portugus-controle-voz-full-hd-8gb-_JM,active,False,MLB37678994,São Paulo,São Paulo,Brasil
MLB3960962171,Xiaomi Mi Tv Stick Português Controle Voz Full Hd 8gb Envio,Xiaomi,MLB133950,MLB-STREAMING_MEDIA_DEVICES,419.9,419.9,,BRL,new,2216449484,True,drop_off,,gold_pro,https://produto.mercadolivre.com.br/MLB-3960962171-xiaomi-mi-tv-stick-portugus-controle-voz-full-hd-8gb-envio-_JM,active,False,,São Paulo,São Paulo,Brasil
MLB2195795848,Roku Express Streaming Player Full Hd Controle E Cabo Hdmi,Roku,MLB133950,MLB-STREAMING_MEDIA_DEVICES,299,299,,BRL,new,486750693,True,cross_docking,,gold_special,https://produto.mercadolivre.com.br/MLB-2195795848-roku-express-streaming-player-full-hd-controle-e-cabo-hdmi-_JM,active,False,MLB15970893,Maringá,Paraná,Brasil
MLB3223097226,Xiaomi Mi Tv Stick 4k Lançamento 2022 - Pronta Entrega,Xiaomi,MLB133950,MLB-STREAMING_MEDIA_DEVICES,449.99,449.99,,BRL,new,1121217778,True,cross_docking,,gold_special,https://produto.mercadolivre.com.br/MLB-3223097226-xiaomi-mi-tv-stick-4k-lancamento-2022-pronta-entrega-_JM,active,False,,São Paulo,São Paulo,Brasil
MLB3902502367,Aparelho Smart Tv Xiaomi Mi Tv Box Stick Tv Full Hd 8gb,Xiaomi,MLB133950,MLB-STREAMING_MEDIA_DEVICES,329.99,329.99,,BRL,new,276901797,True,xd_drop_off,,gold_special,https://produto.mercadolivre.com.br/MLB-3902502367-aparelho-smart-tv-xiaomi-mi-tv-box-stick-tv-full-hd-8gb-_JM,active,False,MLB42838640,São Paulo,São Paulo,Brasil
MLB5181630048,Xiaomi Mi Tv Stick 4k Controle De Voz Cor Preto,Xiaomi,MLB133950,MLB-STREAMING_MEDIA_DEVICES,360,360,,BRL,new,95190612,True,drop_off,,gold_special,https://produto.mercadolivre.com.br/MLB-5181630048-xiaomi-mi-tv-stick-4k-controle-de-voz-cor-preto-_JM,active,True,MLB42826322,São Carlos,São Paulo,Brasil
MLB3428043451,Mi Tv Box S 4k Xiaomi Hdr Android Tv 8.1 60fps 2gb Ddr3 8gb,Xiaomi,MLB133950,MLB-STREAMING_MEDIA_DEVICES,599.99,599.99,,BRL,new,820905753,True,xd_drop_off,,gold_special,https://produto.mercadolivre.com.br/MLB-3428043451-mi-tv-box-s-4k-xiaomi-hdr-android-tv-81-60fps-2gb-ddr3-8gb-_JM,active,False,MLB13877782,Santa Rita do Sapucaí,Minas Gerais,Brasil
MLB4233877928,Aparelho Que Faz A Tv Virar Smart P/ Ver Série Mi Tv Stickhd,Xiaomi,MLB133950,MLB-STREAMING_MEDIA_DEVICES,360,360,,BRL,new,246747343,True,xd_drop_off,,gold_special,https://produto.mercadolivre.com.br/MLB-4233877928-aparelho-que-faz-a-tv-virar-smart-p-ver-serie-mi-tv-stickhd-_JM,active,False,MLB15984002,Curitiba,Paraná,Brasil
MLB3970860453,Roku Express Streaming Player Full Hd Conversor Smart Tv Dsx,Roku,MLB133950,MLB-STREAMING_MEDIA_DEVICES,230,230,,BRL,new,29388915,True,drop_off,,gold_special,https://produto.mercadolivre.com.br/MLB-3970860453-roku-express-streaming-player-full-hd-conversor-smart-tv-dsx-_JM,active,True,MLB24817946,São Paulo,São Paulo,Brasil
MLB4071736942,Xiaomi Mi Box S 2ª Geração Resolução 4k Ultra Hd Hdr Dolby Vision Hdr10+ Mdz-28-aa Sistema Google Tv Chromecast Cor Preto,Xiaomi,MLB133950,MLB-STREAMING_MEDIA_DEVICES,448,448,,BRL,new,763683464,True,drop_off,,gold_special,https://produto.mercadolivre.com.br/MLB-4071736942-xiaomi-mi-box-s-2-geraco-resoluco-4k-ultra-hd-hdr-dolby-vision-hdr10-mdz-28-aa-sistema-google-tv-chromecast-cor-preto-_JM,active,True,MLB23069368,São Paulo,São Paulo,Brasil
MLB5207056230,Roku Express Streaming 3930 Smart Tv Full Hd Hdmi Preto,Roku,MLB133950,MLB-STREAMING_MEDIA_DEVICES,329,329,,BRL,new,731415204,True,cross_docking,,gold_special,https://produto.mercadolivre.com.br/MLB-5207056230-roku-express-streaming-3930-smart-tv-full-hd-hdmi-preto-_JM,active,False,,Cotia,São Paulo,Brasil
MLB1647048466,Xiaomi Mi Tv Stick Android Tv C/controle 100%original Lacrad,Xiaomi,MLB133950,MLB-STREAMING_MEDIA_DEVICES,339.9,339.9,,BRL,new,163017514,True,xd_drop_off,,gold_pro,https://produto.mercadolivre.com.br/MLB-1647048466-xiaomi-mi-tv-stick-android-tv-ccontrole-100original-lacrad-_JM,active,False,MLB15984002,São Paulo,São Paulo,Brasil
MLB4788956806,Xiaomi Tv Box S 2ª Geração Full Hd 8gb 1gb Ram.,Xiaomi,MLB133950,MLB-STREAMING_MEDIA_DEVICES,335,335,,BRL,new,1819592683,True,xd_drop_off,,gold_special,https://produto.mercadolivre.com.br/MLB-4788956806-xiaomi-tv-box-s-2-geraco-full-hd-8gb-1gb-ram-_JM,active,False,MLB15984002,Potirendaba,São Paulo,Brasil
MLB4401986402,Xiaomi Mi Stick Tv Mdz-24-aa De Voz Full Hd 8gb 2024 Global,Xiaomi,MLB133950,MLB-STREAMING_MEDIA_DEVICES,349.99,349.99,,BRL,new,1028695552,True,xd_drop_off,,gold_pro,https://produto.mercadolivre.com.br/MLB-4401986402-xiaomi-mi-stick-tv-mdz-24-aa-de-voz-full-hd-8gb-2024-global-_JM,active,False,MLB15984002,Serra,Espírito Santo,Brasil
MLB1413295365,Xiaomi Mi Box S Smart Tv Box Android 4k Uhd Hdr Mdz-22-ab,Xiaomi,MLB133950,MLB-STREAMING_MEDIA_DEVICES,548,548,,BRL,new,238454725,True,xd_drop_off,,gold_special,https://produto.mercadolivre.com.br/MLB-1413295365-xiaomi-mi-box-s-smart-tv-box-android-4k-uhd-hdr-mdz-22-ab-_JM,active,False,MLB23069361,São Paulo,São Paulo,Brasil
MLB3972226129,Google Chromecast 4ª Geração De Voz Hd 8gb Branco Com 1.5gb,Google,MLB133950,MLB-STREAMING_MEDIA_DEVICES,537,537,,BRL,new,286663191,True,xd_drop_off,,gold_pro,https://produto.mercadolivre.com.br/MLB-3972226129-google-chromecast-4-geraco-de-voz-hd-8gb-branco-com-15gb-_JM,active,True,MLB24460156,São José dos Pinhais,Paraná,Brasil
MLB3591625844,Xiaomi Mi Tv Box S 2ª Geração 4k Mdz-28-aa Google Tv ,Xiaomi,MLB133950,MLB-STREAMING_MEDIA_DEVICES,489,489,,BRL,new,740297902,True,xd_drop_off,,gold_special,https://produto.mercadolivre.com.br/MLB-3591625844-xiaomi-mi-tv-box-s-2-geraco-4k-mdz-28-aa-google-tv-_JM,active,False,MLB23069361,Nhandeara,São Paulo,Brasil
MLB2631209193,"Roku Express Streaming Player Full Hd, Smart Tv",Roku,MLB133950,MLB-STREAMING_MEDIA_DEVICES,343.62,343.62,,BRL,new,209274004,True,cross_docking,,gold_pro,https://produto.mercadolivre.com.br/MLB-2631209193-roku-express-streaming-player-full-hd-smart-tv-_JM,active,False,MLB15970893,Cariacica,Espírito Santo,Brasil
MLB3961658483,Roku Express 4k | Dispositivo De Streaming Hd/4k/hdr Com Con,Roku,MLB133950,MLB-STREAMING_MEDIA_DEVICES,259.9,259.9,,BRL,new,230555858,True,drop_off,,gold_special,https://produto.mercadolivre.com.br/MLB-3961658483-roku-express-4k-dispositivo-de-streaming-hd4khdr-com-con-_JM,active,False,,São Paulo,São Paulo,Brasil
MLB3474843555,Xiaomi Mi Tv Stick Controle Voz Full Hd 8gb 1gb Ram Smart,Xiaomi,MLB133950,MLB-STREAMING_MEDIA_DEVICES,388.78,388.78,,BRL,new,833377635,True,xd_drop_off,,gold_special,https://produto.mercadolivre.com.br/MLB-3474843555-xiaomi-mi-tv-stick-controle-voz-full-hd-8gb-1gb-ram-smart-_JM,active,False,MLB15984002,São Paulo,São Paulo,Brasil
MLB3869726389,Smart Tv Box Xiaomi Mi Box S Geração 2 Fonte Padrão Brasil,Xiaomi,MLB133950,MLB-STREAMING_MEDIA_DEVICES,519.99,519.99,,BRL,new,1028695552,True,xd_drop_off,,gold_pro,https://produto.mercadolivre.com.br/MLB-3869726389-smart-tv-box-xiaomi-mi-box-s-geraco-2-fonte-padro-brasil-_JM,active,False,MLB23069361,Serra,Espírito Santo,Brasil
MLB3666033823,Google Home Com Assistente Virtual Google Assistant - White E Slate 110v/220v,Google,MLB278167,MLB-SMART_SPEAKERS,449.99,449.99,,BRL,new,1724363625,True,drop_off,,gold_pro,https://produto.mercadolivre.com.br/MLB-3666033823-google-home-com-assistente-virtual-google-assistant-white-e-slate-110v220v-_JM,active,True,MLB15536759,Indaiatuba,São Paulo,Brasil
MLB1836196132, Xiaomi Mi Tv Stick Mdz-24-aa  De Voz Full Hd 8gb  Preto 1gb,Xiaomi,MLB133950,MLB-STREAMING_MEDIA_DEVICES,318,318,,BRL,new,190422619,True,cross_docking,,gold_special,https://produto.mercadolivre.com.br/MLB-1836196132-xiaomi-mi-tv-stick-mdz-24-aa-de-voz-full-hd-8gb-preto-1gb-_JM,active,False,MLB15984002,São Paulo,São Paulo,Brasil
MLB3797659675,Apple Tv 4k (wifi) A2737 3ª Geração 2022 De Voz 4k 64gb Preto,Apple,MLB133950,MLB-STREAMING_MEDIA_DEVICES,1249,1249,,BRL,new,572647247,True,drop_off,,gold_special,https://produto.mercadolivre.com.br/MLB-3797659675-apple-tv-4k-wifi-a2737-3-geraco-2022-de-voz-4k-64gb-preto-_JM,active,True,MLB21459431,São Paulo,São Paulo,Brasil
MLB3336327525,Google Chromecast 4 Hd Tv Voz 8gb 2gb Ram Media Streaming ,Google,MLB133950,MLB-STREAMING_MEDIA_DEVICES,517.97,517.97,,BRL,new,286663191,True,xd_drop_off,,gold_special,https://produto.mercadolivre.com.br/MLB-3336327525-google-chromecast-4-hd-tv-voz-8gb-2gb-ram-media-streaming-_JM,active,False,MLB24460155,São José dos Pinhais,Paraná,Brasil
MLB5142270140,Google Chromecast Hd,Google,MLB133950,MLB-STREAMING_MEDIA_DEVICES,549.99,549.99,,BRL,new,276901797,True,xd_drop_off,,gold_special,https://produto.mercadolivre.com.br/MLB-5142270140-google-chromecast-hd-_JM,active,True,MLB19971472,São Paulo,São Paulo,Brasil
MLB3360329457,Roku Express 3940br 4k Uhd Hdr Streaming Com Controle Remoto,Roku,MLB133950,MLB-STREAMING_MEDIA_DEVICES,499.0,499.0,,BRL,new,234766909,True,fulfillment,,gold_pro,https://produto.mercadolivre.com.br/MLB-3360329457-roku-express-3940br-4k-uhd-hdr-streaming-com-controle-remoto-_JM,active,False,MLB18103064,Belo Horizonte,Minas Gerais,Brasil
MLB2771019626,Roku Express 3930 Full Hd Streaming Player Smart Tv Hdmi Usb,Roku,MLB133950,MLB-STREAMING_MEDIA_DEVICES,299.9,299.9,,BRL,new,175874280,True,xd_drop_off,,gold_special,https://produto.mercadolivre.com.br/MLB-2771019626-roku-express-3930-full-hd-streaming-player-smart-tv-hdmi-usb-_JM,active,False,MLB15970893,Porto Alegre,Rio Grande do Sul,Brasil
MLB3706127039,Google Chromecast Com Google Tv (4k) - Desfrute De Filmes E Shows Ao Vivo Em 4k Hdr - Snow Color,Google,MLB133950,MLB-STREAMING_MEDIA_DEVICES,549.99,549.99,,BRL,new,276901797,True,xd_drop_off,,gold_special,https://produto.mercadolivre.com.br/MLB-3706127039-google-chromecast-com-google-tv-4k-desfrute-de-filmes-e-shows-ao-vivo-em-4k-hdr-snow-color-_JM,active,True,MLB34921279,São Paulo,São Paulo,Brasil
MLB3403378185,Kit 5 Suporte Para Google Home - Teto Ou Parede Gesso,Google,MLB278167,MLB-SMART_SPEAKERS,160.0,160.0,,BRL,new,56044515,True,xd_drop_off,,gold_special,https://produto.mercadolivre.com.br/MLB-3403378185-kit-5-suporte-para-google-home-teto-ou-parede-gesso-_JM,active,False,,Itapira,São Paulo,Brasil
MLB3902504025,Mi Stick Tv Xiaomi 8gb Full Hd,Xiaomi,MLB133950,MLB-STREAMING_MEDIA_DEVICES,329.99,329.99,,BRL,new,276901797,True,xd_drop_off,,gold_special,https://produto.mercadolivre.com.br/MLB-3902504025-mi-stick-tv-xiaomi-8gb-full-hd-_JM,active,False,MLB42839909,São Paulo,São Paulo,Brasil
MLB5099156602,Mi Tv Box S 2a Geração 4k Mdz-28-aa Google Tv Preto,Xiaomi,MLB133950,MLB-STREAMING_MEDIA_DEVICES,549.9,549.9,,BRL,new,1638445797,True,fulfillment,,gold_special,https://produto.mercadolivre.com.br/MLB-5099156602-mi-tv-box-s-2a-geraco-4k-mdz-28-aa-google-tv-preto-_JM,active,False,MLB23069361,Campinas,São Paulo,Brasil
MLB3807091485,Controle Remoto Google Chromecast Tv 4 1080p Fhd Wifi Hdmi Cor Branca,Google,MLB133950,MLB-STREAMING_MEDIA_DEVICES,549.99,549.99,,BRL,new,658759505,True,xd_drop_off,,gold_special,https://produto.mercadolivre.com.br/MLB-3807091485-controle-remoto-google-chromecast-tv-4-1080p-fhd-wifi-hdmi-cor-branca-_JM,active,True,MLB35715335,São Paulo,São Paulo,Brasil
MLB3871007025,Xiaomi Mi Box S Mdz-22-ab 1ª Geração 4k 8gb Preto 2gb Ram Com Comando De Voz,Xiaomi,MLB133950,MLB-STREAMING_MEDIA_DEVICES,444,444,,BRL,new,352640462,True,drop_off,,gold_special,https://produto.mercadolivre.com.br/MLB-3871007025-xiaomi-mi-box-s-mdz-22-ab-1-geraco-4k-8gb-preto-2gb-ram-com-comando-de-voz-_JM,active,True,MLB13877783,São Bernardo do Campo,São Paulo,Brasil
MLB3972130999,Roku Express Dispositivo De Streaming Para Tv Com Controle,Roku,MLB133950,MLB-STREAMING_MEDIA_DEVICES,445.75,445.75,,BRL,new,235500802,True,xd_drop_off,,gold_pro,https://produto.mercadolivre.com.br/MLB-3972130999-roku-express-dispositivo-de-streaming-para-tv-com-controle-_JM,active,False,MLB21087858,Vargem Grande Paulista,São Paulo,Brasil
MLB2100434163,Suporte Para Google Home Mini Mesa,Google,MLB278167,MLB-SMART_SPEAKERS,23.45,23.45,,BRL,new,182952885,False,xd_drop_off,,gold_special,https://produto.mercadolivre.com.br/MLB-2100434163-suporte-para-google-home-mini-mesa-_JM,active,False,MLB15541914,Ibirité,Minas Gerais,Brasil
MLB3345180013,Xiaomi Mi Tv Stick Full Hd 8gb/1gb Ram Original Lacrado ,Xiaomi,MLB133950,MLB-STREAMING_MEDIA_DEVICES,376.56,376.56,,BRL,new,525512368,True,xd_drop_off,,gold_special,https://produto.mercadolivre.com.br/MLB-3345180013-xiaomi-mi-tv-stick-full-hd-8gb1gb-ram-original-lacrado-_JM,active,False,MLB37678994,São Paulo,São Paulo,Brasil
MLB5138504704,Google Chromecast 3 Chromecast 3 Full Hd De 3ª Geração,Google,MLB133950,MLB-STREAMING_MEDIA_DEVICES,450,450,,BRL,new,625935699,True,drop_off,,gold_pro,https://produto.mercadolivre.com.br/MLB-5138504704-google-chromecast-3-chromecast-3-full-hd-de-3-geraco-_JM,active,True,MLB21615680,São Paulo,São Paulo,Brasil
MLB3734881009,Kit Com 5 Receptor Streaming Express Player Full Hd Roku,Roku,MLB133950,MLB-STREAMING_MEDIA_DEVICES,1375.0,1375.0,,BRL,new,1236222522,True,xd_drop_off,,gold_special,https://produto.mercadolivre.com.br/MLB-3734881009-kit-com-5-receptor-streaming-express-player-full-hd-roku-_JM,active,False,,Itajaí,Santa Catarina,Brasil
MLB4241560134,Xiaomi Mi Tv Stick Mdz-24-aa De Voz Full Hd 8gb Preto,Xiaomi,MLB133950,MLB-STREAMING_MEDIA_DEVICES,299,299,,BRL,new,521502117,True,drop_off,,gold_special,https://produto.mercadolivre.com.br/MLB-4241560134-xiaomi-mi-tv-stick-mdz-24-aa-de-voz-full-hd-8gb-preto-_JM,active,False,MLB15984002,São Bernardo do Campo,São Paulo,Brasil
MLB5270046714,Mi Tv Stick Xiaomi Fhd,Xiaomi,MLB133950,MLB-STREAMING_MEDIA_DEVICES,319.9,319.9,,BRL,new,1823173217,True,drop_off,,gold_special,https://produto.mercadolivre.com.br/MLB-5270046714-mi-tv-stick-xiaomi-fhd-_JM,active,False,MLB23284243,São Paulo,São Paulo,Brasil
MLB5024794816,Mi Tv Stick Xiaomi 4k Controle De Voz Full Hd 2ª Geração ,Xiaomi,MLB133950,MLB-STREAMING_MEDIA_DEVICES,420.99,420.99,,BRL,new,277465680,True,drop_off,,gold_special,https://produto.mercadolivre.com.br/MLB-5024794816-mi-tv-stick-xiaomi-4k-controle-de-voz-full-hd-2-geraco-_JM,active,False,MLB22726626,São Paulo,São Paulo,Brasil
MLB5216494912,Xiaomi Mi Box S 4k 8gb Com 2gb De Memória Ram,Xiaomi,MLB133950,MLB-STREAMING_MEDIA_DEVICES,499.99,499.99,,BRL,new,658759505,True,xd_drop_off,,gold_special,https://produto.mercadolivre.com.br/MLB-5216494912-xiaomi-mi-box-s-4k-8gb-com-2gb-de-memoria-ram-_JM,active,False,MLB24219630,São Paulo,São Paulo,Brasil
MLB4775278314,Kit Com 5 Receptor Streaming Express Player Full Hd Roku,Roku,MLB133950,MLB-STREAMING_MEDIA_DEVICES,1375.0,1375.0,,BRL,new,1659464508,True,drop_off,,gold_special,https://produto.mercadolivre.com.br/MLB-4775278314-kit-com-5-receptor-streaming-express-player-full-hd-roku-_JM,active,False,,Itajaí,Santa Catarina,Brasil
MLB3947429539,Xiaomi Mi Tv Box S 4k 2nd Gen Geração Fonte Padrão Brasil,Xiaomi,MLB133950,MLB-STREAMING_MEDIA_DEVICES,509.99,509.99,,BRL,new,1028695552,True,xd_drop_off,,gold_special,https://produto.mercadolivre.com.br/MLB-3947429539-xiaomi-mi-tv-box-s-4k-2nd-gen-geraco-fonte-padro-brasil-_JM,active,False,MLB25917286,Serra,Espírito Santo,Brasil
MLB3709940283,Roku Express Streaming - Full Hd - Controle Remoto - Wi-fi,Roku,MLB133950,MLB-STREAMING_MEDIA_DEVICES,269,269,,BRL,new,15922058,True,xd_drop_off,,gold_pro,https://produto.mercadolivre.com.br/MLB-3709940283-roku-express-streaming-full-hd-controle-remoto-wi-fi-_JM,active,False,MLB15970893,Santo André,São Paulo,Brasil
MLB3899361399,Google Chromecast 4k Chromecast With Google Tv Ga01919-us 4ª Geração De Voz 4k 8gb Sky Com 2gb De Memória Ram,Google,MLB133950,MLB-STREAMING_MEDIA_DEVICES,549.99,549.99,,BRL,new,1659484909,True,drop_off,,gold_pro,https://produto.mercadolivre.com.br/MLB-3899361399-google-chromecast-4k-chromecast-with-google-tv-ga01919-us-4-geraco-de-voz-4k-8gb-sky-com-2gb-de-memoria-ram-_JM,active,True,MLB16233187,Presidente Prudente,São Paulo,Brasil
MLB3734932343,Kit Com 2 Receptor Streaming Express Player Full Hd Roku,Roku,MLB133950,MLB-STREAMING_MEDIA_DEVICES,550,550,,BRL,new,1236222522,True,xd_drop_off,,gold_special,https://produto.mercadolivre.com.br/MLB-3734932343-kit-com-2-receptor-streaming-express-player-full-hd-roku-_JM,active,False,,Itajaí,Santa Catarina,Brasil
MLB5250310660,Chromecast 2 Full Hd Wifi Streaming De Vídeo Netflix Cor Preto,Google,MLB133950,MLB-STREAMING_MEDIA_DEVICES,599.9,599.9,,BRL,new,76287039,True,xd_drop_off,,gold_special,https://produto.mercadolivre.com.br/MLB-5250310660-chromecast-2-full-hd-wifi-streaming-de-video-netflix-cor-preto-_JM,active,True,MLB24434229,Uberaba,Minas Gerais,Brasil
MLB3734932323,Kit Com  3 Receptor Streaming Express Player Full Hd Roku,Roku,MLB133950,MLB-STREAMING_MEDIA_DEVICES,825.0,825.0,,BRL,new,1236222522,True,xd_drop_off,,gold_special,https://produto.mercadolivre.com.br/MLB-3734932323-kit-com-3-receptor-streaming-express-player-full-hd-roku-_JM,active,False,,Itajaí,Santa Catarina,Brasil
MLB5254985970,Apple Tv A2169 2ª Geração 2021 De Voz 4k 32gb Preto,Apple,MLB133950,MLB-STREAMING_MEDIA_DEVICES,1599,1599,,BRL,new,62634729,True,drop_off,,gold_special,https://produto.mercadolivre.com.br/MLB-5254985970-apple-tv-a2169-2-geraco-2021-de-voz-4k-32gb-preto-_JM,active,True,MLB18385616,Rio de Janeiro,Rio de Janeiro,Brasil
MLB3689171166,Xiaomi Mi Tv Box S 2ª Geração 4k Mdz-28-aa Google Tv ,Xiaomi,MLB133950,MLB-STREAMING_MEDIA_DEVICES,499.99,499.99,,BRL,new,1116714992,True,drop_off,,gold_special,https://produto.mercadolivre.com.br/MLB-3689171166-xiaomi-mi-tv-box-s-2-geraco-4k-mdz-28-aa-google-tv-_JM,active,False,MLB23069361,São Paulo,São Paulo,Brasil
MLB2094584917,Chromecast 4 Original Google Tv De Voz 4k 8gb Cromecast Nfe,Google,MLB133950,MLB-STREAMING_MEDIA_DEVICES,620,620,,BRL,new,82981918,True,fulfillment,,gold_special,https://produto.mercadolivre.com.br/MLB-2094584917-chromecast-4-original-google-tv-de-voz-4k-8gb-cromecast-nfe-_JM,active,False,MLB16233184,Fernandópolis,São Paulo,Brasil
MLB3514538493,Xiaomi Mi Box S Controle De Voz 4k 8gb Preto Com 2gb De Ram,Xiaomi,MLB133950,MLB-STREAMING_MEDIA_DEVICES,545.7,545.7,,BRL,new,429944911,True,xd_drop_off,,gold_pro,https://produto.mercadolivre.com.br/MLB-3514538493-xiaomi-mi-box-s-controle-de-voz-4k-8gb-preto-com-2gb-de-ram-_JM,active,False,MLB13877782,São Paulo,São Paulo,Brasil
MLB3920480839,Mi Tv Stick Android Com Controle De Voz Portátil Xiaomi Cor Preto,Xiaomi,MLB133950,MLB-STREAMING_MEDIA_DEVICES,310,310,,BRL,new,521502117,True,drop_off,,gold_special,https://produto.mercadolivre.com.br/MLB-3920480839-mi-tv-stick-android-com-controle-de-voz-portatil-xiaomi-cor-preto-_JM,active,True,MLB44015066,São Bernardo do Campo,São Paulo,Brasil
MLB3315494921,Xiaomi Mi Box S 2nd Geração Mdz-28-aa 4k 8gb 2gb Ram,Xiaomi,MLB133950,MLB-STREAMING_MEDIA_DEVICES,579.9,579.9,,BRL,new,1123150487,True,xd_drop_off,,gold_pro,https://produto.mercadolivre.com.br/MLB-3315494921-xiaomi-mi-box-s-2nd-geraco-mdz-28-aa-4k-8gb-2gb-ram-_JM,active,False,MLB23069361,Marília,São Paulo,Brasil
MLB3917710091,Xiaomi Mi Tv Stick 4k 2gb Ram Apps Deixa Tv Smart Original,Xiaomi,MLB133950,MLB-STREAMING_MEDIA_DEVICES,479.98,479.98,,BRL,new,142176597,True,fulfillment,,gold_pro,https://produto.mercadolivre.com.br/MLB-3917710091-xiaomi-mi-tv-stick-4k-2gb-ram-apps-deixa-tv-smart-original-_JM,active,False,,Sumaré,São Paulo,Brasil
MLB5270935262,Roku Express Dispositivo De Streaming Para Tv Com Controle,Roku,MLB133950,MLB-STREAMING_MEDIA_DEVICES,242.1,242.1,,BRL,new,185147827,True,cross_docking,,gold_special,https://produto.mercadolivre.com.br/MLB-5270935262-roku-express-dispositivo-de-streaming-para-tv-com-controle-_JM,active,True,MLB45246788,Barueri,São Paulo,Brasil
MLB3932285723,Mi Tv Stick - Streaming Inteligente Androidtv Fhd - Xiaomi,Xiaomi,MLB133950,MLB-STREAMING_MEDIA_DEVICES,463.9,463.9,,BRL,new,544637046,True,xd_drop_off,,gold_pro,https://produto.mercadolivre.com.br/MLB-3932285723-mi-tv-stick-streaming-inteligente-androidtv-fhd-xiaomi-_JM,active,False,MLB15984003,Barretos,São Paulo,Brasil
MLB3230144383,Apple Tv 4k Wi-fi 64gb B B Preto - Apple - Mn873bz/a,Apple,MLB133950,MLB-STREAMING_MEDIA_DEVICES,1371.72,1371.72,,BRL,new,234000251,True,cross_docking,,gold_special,https://produto.mercadolivre.com.br/MLB-3230144383-apple-tv-4k-wi-fi-64gb-b-b-preto-apple-mn873bza-_JM,active,False,,Cajamar,São Paulo,Brasil
MLB4461353404,Roku Express Dispositivo De Streaming Full Hd Roku ,Roku,MLB133950,MLB-STREAMING_MEDIA_DEVICES,465.19,465.19,,BRL,new,436439306,True,xd_drop_off,,gold_pro,https://produto.mercadolivre.com.br/MLB-4461353404-roku-express-dispositivo-de-streaming-full-hd-roku-_JM,active,False,MLB21087857,Guarulhos,São Paulo,Brasil
MLB5087927196,Roku Express 3960br Full Hd Conversor Smart Tv Com Controle,Roku,MLB133950,MLB-STREAMING_MEDIA_DEVICES,249.9,249.9,,BRL,new,1345417831,True,fulfillment,,gold_special,https://produto.mercadolivre.com.br/MLB-5087927196-roku-express-3960br-full-hd-conversor-smart-tv-com-controle-_JM,active,False,MLB21087857,Campanha,Minas Gerais,Brasil
MLB3884118325,"Roku Solutions 2 Go Express Stream Full Hd , Tvs Hd",Roku,MLB133950,MLB-STREAMING_MEDIA_DEVICES,299,299,,BRL,new,105077894,True,xd_drop_off,,gold_special,https://produto.mercadolivre.com.br/MLB-3884118325-roku-solutions-2-go-express-stream-full-hd-tvs-hd-_JM,active,False,,Montes Claros,Minas Gerais,Brasil
MLB3893816589,Mi Tv Stick 2a Geração Xiaomi Controle De Voz Full Hd 8gb 1g,Xiaomi,MLB133950,MLB-STREAMING_MEDIA_DEVICES,396,396,,BRL,new,155371599,True,fulfillment,,gold_special,https://produto.mercadolivre.com.br/MLB-3893816589-mi-tv-stick-2a-geraco-xiaomi-controle-de-voz-full-hd-8gb-1g-_JM,active,False,MLB15984002,Hortolândia,São Paulo,Brasil
MLB5276777092,Xiaomi Mi Tv Box S 2o Controle De Voz 4k 8gb Com 2gb De Memó,Xiaomi,MLB133950,MLB-STREAMING_MEDIA_DEVICES,550,550,,BRL,new,158666864,True,xd_drop_off,,gold_pro,https://produto.mercadolivre.com.br/MLB-5276777092-xiaomi-mi-tv-box-s-2o-controle-de-voz-4k-8gb-com-2gb-de-memo-_JM,active,False,MLB24219630,Diadema,São Paulo,Brasil
MLB3411552263,Mi Tv Stick 1080p Full Hd Android Smart Tv Box Global Voz,Xiaomi,MLB133950,MLB-STREAMING_MEDIA_DEVICES,499.99,499.99,,BRL,new,726389257,True,xd_drop_off,,gold_special,https://produto.mercadolivre.com.br/MLB-3411552263-mi-tv-stick-1080p-full-hd-android-smart-tv-box-global-voz-_JM,active,False,MLB37678994,Fortaleza,Ceará,Brasil
MLB3343236429,Roku Express Streaming Player Full Hd Hdmi Usb Com Controle,Roku,MLB133950,MLB-STREAMING_MEDIA_DEVICES,259.9,259.9,,BRL,new,840597141,True,cross_docking,,gold_pro,https://produto.mercadolivre.com.br/MLB-3343236429-roku-express-streaming-player-full-hd-hdmi-usb-com-controle-_JM,active,False,MLB15970894,Nova Iguaçu,Rio de Janeiro,Brasil
MLB5066401256,Mi Tv Stick Xiaomi 4k Controle De Voz Full Hd 2a Ge Original,Xiaomi,MLB133950,MLB-STREAMING_MEDIA_DEVICES,449.98,449.98,,BRL,new,797131465,True,fulfillment,,gold_special,https://produto.mercadolivre.com.br/MLB-5066401256-mi-tv-stick-xiaomi-4k-controle-de-voz-full-hd-2a-ge-original-_JM,active,False,,Sumaré,São Paulo,Brasil
MLB3550884398,Mi Tv Box S 2a Geração 4k Fonte Padrão Brasil Capa Grátis,Xiaomi,MLB133950,MLB-STREAMING_MEDIA_DEVICES,529.99,529.99,,BRL,new,1028695552,True,xd_drop_off,,gold_pro,https://produto.mercadolivre.com.br/MLB-3550884398-mi-tv-box-s-2a-geraco-4k-fonte-padro-brasil-capa-gratis-_JM,active,False,MLB25917286,Serra,Espírito Santo,Brasil
MLB2093440641,"Suporte De Parede Google Home Mini Acrílico, Com Dupla Face",Google,MLB278167,MLB-SMART_SPEAKERS,22.9,22.9,,BRL,new,27161353,False,xd_drop_off,,gold_pro,https://produto.mercadolivre.com.br/MLB-2093440641-suporte-de-parede-google-home-mini-acrilico-com-dupla-face-_JM,active,False,MLB15541914,Indaiatuba,São Paulo,Brasil
MLB5277743144,Mi Tv Stick 2ª Geração Xiaomi Controle De Voz Full Hd 8gb 1gb Ram Cor Preto,Xiaomi,MLB133950,MLB-STREAMING_MEDIA_DEVICES,290,290,,BRL,new,1996316849,True,drop_off,,gold_special,https://produto.mercadolivre.com.br/MLB-5277743144-mi-tv-stick-2-geraco-xiaomi-controle-de-voz-full-hd-8gb-1gb-ram-cor-preto-_JM,active,True,MLB15984003,Contagem,Minas Gerais,Brasil
MLB3961893773,Mi Tv Stick Xiaomi 4k Controle De Voz Full Hd 2ª Geração Cor Preto,Xiaomi,MLB133950,MLB-STREAMING_MEDIA_DEVICES,352,352,,BRL,new,492619872,True,drop_off,,gold_special,https://produto.mercadolivre.com.br/MLB-3961893773-mi-tv-stick-xiaomi-4k-controle-de-voz-full-hd-2-geraco-cor-preto-_JM,active,True,MLB38431087,Votuporanga,São Paulo,Brasil
MLB3324443257,Xiaomi Mi Tv Stick Controle De Voz Full Hd 8gb Preto 1gb Ram,Xiaomi,MLB133950,MLB-STREAMING_MEDIA_DEVICES,329.9,329.9,,BRL,new,1365270857,True,cross_docking,,gold_special,https://produto.mercadolivre.com.br/MLB-3324443257-xiaomi-mi-tv-stick-controle-de-voz-full-hd-8gb-preto-1gb-ram-_JM,active,False,,São Paulo,São Paulo,Brasil
MLB3970867291,Mi Tv Stick 2a Geração Xiaomi Controle De Voz Full Hd 8gb,Xiaomi,MLB133950,MLB-STREAMING_MEDIA_DEVICES,499,499,,BRL,new,136227051,True,xd_drop_off,,gold_pro,https://produto.mercadolivre.com.br/MLB-3970867291-mi-tv-stick-2a-geraco-xiaomi-controle-de-voz-full-hd-8gb-_JM,active,False,MLB15984002,Osasco,São Paulo,Brasil
MLB1885103899,Suporte Google Home Mini Nest Mini Gato Gatinho Cat,Google,MLB278167,MLB-SMART_SPEAKERS,49,49,,BRL,new,403587844,False,xd_drop_off,,gold_pro,https://produto.mercadolivre.com.br/MLB-1885103899-suporte-google-home-mini-nest-mini-gato-gatinho-cat-_JM,active,False,,Limeira,São Paulo,Brasil
MLB3959122999,Mi Tv Stick 2a Geração Xiaomi Controle De Voz Full Hd 8gb 1g,Xiaomi,MLB133950,MLB-STREAMING_MEDIA_DEVICES,399,399,,BRL,new,1638445797,True,fulfillment,,gold_special,https://produto.mercadolivre.com.br/MLB-3959122999-mi-tv-stick-2a-geraco-xiaomi-controle-de-voz-full-hd-8gb-1g-_JM,active,False,MLB15984002,Campinas,São Paulo,Brasil
MLB3960899513,Xiaomi Mi Tv Stick Em Português Com Controle Voz Full Hd 8gb,Xiaomi,MLB133950,MLB-STREAMING_MEDIA_DEVICES,399.9,399.9,,BRL,new,2216449484,True,drop_off,,gold_pro,https://produto.mercadolivre.com.br/MLB-3960899513-xiaomi-mi-tv-stick-em-portugus-com-controle-voz-full-hd-8gb-_JM,active,False,,São Paulo,São Paulo,Brasil
MLB4971742776,Chromecast Google Ga03131 Google Tv Hd 8gb - Branco,Google,MLB133950,MLB-STREAMING_MEDIA_DEVICES,434,434,,BRL,new,1810750827,True,drop_off,,gold_special,https://produto.mercadolivre.com.br/MLB-4971742776-chromecast-google-ga03131-google-tv-hd-8gb-branco-_JM,active,True,MLB36633513,Populina,São Paulo,Brasil
MLB3120854462,Xiaomi Stick 4k Mdz-27-aa  4k 8gb  2gb De Memória Ram,Xiaomi,MLB133950,MLB-STREAMING_MEDIA_DEVICES,411.68,411.68,,BRL,new,75485578,True,xd_drop_off,,gold_special,https://produto.mercadolivre.com.br/MLB-3120854462-xiaomi-stick-4k-mdz-27-aa-4k-8gb-2gb-de-memoria-ram-_JM,active,False,MLB22726590,Curitiba,Paraná,Brasil
MLB3919358805,Mi Tv Stick Android Com Controle De Voz Portátil Cor Preto,Xiaomi,MLB133950,MLB-STREAMING_MEDIA_DEVICES,310,310,,BRL,new,521502117,True,drop_off,,gold_pro,https://produto.mercadolivre.com.br/MLB-3919358805-mi-tv-stick-android-com-controle-de-voz-portatil-cor-preto-_JM,active,True,MLB43977871,São Bernardo do Campo,São Paulo,Brasil
MLB3936835597,Smart Tv Stick Android 13 Allwinner H618 5g Hd 6k Android13,Xiaomi,MLB133950,MLB-STREAMING_MEDIA_DEVICES,330,330,,BRL,new,1959579845,True,drop_off,,gold_pro,https://produto.mercadolivre.com.br/MLB-3936835597-smart-tv-stick-android-13-allwinner-h618-5g-hd-6k-android13-_JM,active,False,,São Paulo,São Paulo,Brasil
MLB2794233957,Xiaomi Mi Tv Stick Mdz-24-aa De Voz Full Hd 8gb Lacrado + Nf,Xiaomi,MLB133950,MLB-STREAMING_MEDIA_DEVICES,349.99,349.99,,BRL,new,812113270,True,xd_drop_off,,gold_pro,https://produto.mercadolivre.com.br/MLB-2794233957-xiaomi-mi-tv-stick-mdz-24-aa-de-voz-full-hd-8gb-lacrado-nf-_JM,active,False,MLB15984002,Serra,Espírito Santo,Brasil
MLB3358929321,Roku Express 4k | Dispositivo De Streaming Hd/4k/hdr Com Controle Remoto Simples E Botões De Atalho. Inclui Cabo Hdmi® Premium,Roku,MLB133950,MLB-STREAMING_MEDIA_DEVICES,499.0,499.0,,BRL,new,54795867,True,fulfillment,,gold_pro,https://produto.mercadolivre.com.br/MLB-3358929321-roku-express-4k-dispositivo-de-streaming-hd4khdr-com-controle-remoto-simples-e-botoes-de-atalho-inclui-cabo-hdmi-premium-_JM,active,True,MLB18103065,Belo Horizonte,Minas Gerais,Brasil
MLB2927642619,Mi Box S 4k 8gb - Novo - C/ Nota,Xiaomi,MLB133950,MLB-STREAMING_MEDIA_DEVICES,495.32,495.32,,BRL,new,75485578,True,xd_drop_off,,gold_special,https://produto.mercadolivre.com.br/MLB-2927642619-mi-box-s-4k-8gb-novo-c-nota-_JM,active,False,MLB13877782,Curitiba,Paraná,Brasil
MLB3539017244,Xiaomi Mi Stick 4k Novo 2023 8gb 2gb Lacrado 2nd Geração+ Nf,Xiaomi,MLB133950,MLB-STREAMING_MEDIA_DEVICES,429.99,429.99,,BRL,new,1028695552,True,xd_drop_off,,gold_special,https://produto.mercadolivre.com.br/MLB-3539017244-xiaomi-mi-stick-4k-novo-2023-8gb-2gb-lacrado-2nd-geraco-nf-_JM,active,False,MLB22726590,Serra,Espírito Santo,Brasil
MLB3814228570,Xiaomi Mi Tv Stick Mdz-24-aa De Voz Full Hd 8gb Preto,Xiaomi,MLB133950,MLB-STREAMING_MEDIA_DEVICES,349,349,,BRL,new,1365270857,True,cross_docking,,gold_pro,https://produto.mercadolivre.com.br/MLB-3814228570-xiaomi-mi-tv-stick-mdz-24-aa-de-voz-full-hd-8gb-preto-_JM,active,False,MLB15984002,São Paulo,São Paulo,Brasil
MLB3246922723,Roku Express Streaming Player Conversor Smart Tv Full Hd,Roku,MLB133950,MLB-STREAMING_MEDIA_DEVICES,299.0,299.0,,BRL,new,54795867,True,fulfillment,,gold_pro,https://produto.mercadolivre.com.br/MLB-3246922723-roku-express-streaming-player-conversor-smart-tv-full-hd-_JM,active,False,MLB15970893,Belo Horizonte,Minas Gerais,Brasil
MLB3120835354,Xiaomi Stick 4k Mdz-27-aa  4k 8gb Preto Com 2gb De Memória ,Xiaomi,MLB133950,MLB-STREAMING_MEDIA_DEVICES,433.01,433.01,,BRL,new,75485578,True,xd_drop_off,,gold_pro,https://produto.mercadolivre.com.br/MLB-3120835354-xiaomi-stick-4k-mdz-27-aa-4k-8gb-preto-com-2gb-de-memoria-_JM,active,False,MLB22726590,Curitiba,Paraná,Brasil
MLB3822916209,Mi Tv Stick Xiaomi 4k Controle Voz Full Hd 2ª Geração Preto,Xiaomi,MLB133950,MLB-STREAMING_MEDIA_DEVICES,399.99,399.99,,BRL,new,1187108276,True,drop_off,,gold_pro,https://produto.mercadolivre.com.br/MLB-3822916209-mi-tv-stick-xiaomi-4k-controle-voz-full-hd-2-geraco-preto-_JM,active,False,MLB38431085,São José dos Pinhais,Paraná,Brasil
MLB3968813211,Tv Box S Xiaomi 4k Ultra Hd Google Tv Cor Preto Tipo De Controle Remoto De Voz,Xiaomi,MLB133950,MLB-STREAMING_MEDIA_DEVICES,470,470,,BRL,new,289135585,True,drop_off,,gold_special,https://produto.mercadolivre.com.br/MLB-3968813211-tv-box-s-xiaomi-4k-ultra-hd-google-tv-cor-preto-tipo-de-controle-remoto-de-voz-_JM,active,True,MLB45000200,São Paulo,São Paulo,Brasil
MLB4541010186,Roku Express Dispositivo De Streaming Player Full Hd,Roku,MLB133950,MLB-STREAMING_MEDIA_DEVICES,239.9,239.9,,BRL,new,1477280987,True,fulfillment,,gold_special,https://produto.mercadolivre.com.br/MLB-4541010186-roku-express-dispositivo-de-streaming-player-full-hd-_JM,active,False,,Itajaí,Santa Catarina,Brasil
MLB3932204675,"Kit 2 Roku Express Loja Oficial Com Alexa, Siri E Google",Roku,MLB133950,MLB-STREAMING_MEDIA_DEVICES,458.9,458.9,,BRL,new,1812029303,True,drop_off,,gold_pro,https://produto.mercadolivre.com.br/MLB-3932204675-kit-2-roku-express-loja-oficial-com-alexa-siri-e-google-_JM,active,False,,Extrema,Minas Gerais,Brasil
MLB3958793761,Google Chromecast 4k Chromecast With Google Tv Ga01919-us 4ª Geração De Voz 4k 8gb Sunrise Com 2gb De Memória Ram,Google,MLB133950,MLB-STREAMING_MEDIA_DEVICES,604,604,,BRL,new,31870606,True,cross_docking,,gold_special,https://produto.mercadolivre.com.br/MLB-3958793761-google-chromecast-4k-chromecast-with-google-tv-ga01919-us-4-geraco-de-voz-4k-8gb-sunrise-com-2gb-de-memoria-ram-_JM,active,True,MLB16233186,Sarandi,Paraná,Brasil
MLB3511433591,Xiaomi Mi Stick 4k Novo 2023 8gb 2gb De Mem Ram Lacrado 2nd,Xiaomi,MLB133950,MLB-STREAMING_MEDIA_DEVICES,439.99,439.99,,BRL,new,812113270,True,xd_drop_off,,gold_pro,https://produto.mercadolivre.com.br/MLB-3511433591-xiaomi-mi-stick-4k-novo-2023-8gb-2gb-de-mem-ram-lacrado-2nd-_JM,active,False,MLB22726590,Serra,Espírito Santo,Brasil
MLB4130780102,Roku Express 3930 Padrão Hd 32mb Preto Com 512mb Memória Ram,Roku,MLB133950,MLB-STREAMING_MEDIA_DEVICES,299.88,299.88,,BRL,new,54795867,True,cross_docking,,gold_special,https://produto.mercadolivre.com.br/MLB-4130780102-roku-express-3930-padro-hd-32mb-preto-com-512mb-memoria-ram-_JM,active,False,MLB15970893,Belo Horizonte,Minas Gerais,Brasil
MLB3336249209,Xiaomi Mi Tv Box S 2ª Geração 4k Mdz-28-aa Google Tv ,Xiaomi,MLB133950,MLB-STREAMING_MEDIA_DEVICES,521.24,521.24,,BRL,new,75485578,True,xd_drop_off,,gold_pro,https://produto.mercadolivre.com.br/MLB-3336249209-xiaomi-mi-tv-box-s-2-geraco-4k-mdz-28-aa-google-tv-_JM,active,False,MLB23069361,Curitiba,Paraná,Brasil
MLB5178808890,Aparelho Smart Tv Xiaomi Mi Tv Box Stick Chromecast E Google Cor Preto Tipo De Controle Remoto De Voz,Xiaomi,MLB133950,MLB-STREAMING_MEDIA_DEVICES,309,309,,BRL,new,424693943,True,drop_off,,gold_pro,https://produto.mercadolivre.com.br/MLB-5178808890-aparelho-smart-tv-xiaomi-mi-tv-box-stick-chromecast-e-google-cor-preto-tipo-de-controle-remoto-de-voz-_JM,active,True,MLB42838649,Presidente Prudente,São Paulo,Brasil
MLB2927636458,Xiaomi Mi Box S 4k 8gb - Novo/nota/original,Xiaomi,MLB133950,MLB-STREAMING_MEDIA_DEVICES,521.24,521.24,,BRL,new,75485578,True,xd_drop_off,,gold_pro,https://produto.mercadolivre.com.br/MLB-2927636458-xiaomi-mi-box-s-4k-8gb-novonotaoriginal-_JM,active,False,MLB13877782,Curitiba,Paraná,Brasil
MLB4379706868,Xiaomi Mi Stick 4k 2024 8gb 2gb Lacrado 2nd Geração Pt - Br,Xiaomi,MLB133950,MLB-STREAMING_MEDIA_DEVICES,439.99,439.99,,BRL,new,1028695552,True,xd_drop_off,,gold_pro,https://produto.mercadolivre.com.br/MLB-4379706868-xiaomi-mi-stick-4k-2024-8gb-2gb-lacrado-2nd-geraco-pt-br-_JM,active,False,MLB22726590,Serra,Espírito Santo,Brasil
MLB1884552394,Xiaomi Mi Tv Stick Mdz-24-aa,Xiaomi,MLB133950,MLB-STREAMING_MEDIA_DEVICES,349.0,349.0,,BRL,new,142186914,True,xd_drop_off,,gold_pro,https://produto.mercadolivre.com.br/MLB-1884552394-xiaomi-mi-tv-stick-mdz-24-aa-_JM,active,False,,Pinhais,Paraná,Brasil
MLB1805656853,Google Chromecast With Google Tv 4ª Geração Com Comando De Voz Ga01919-us,Google,MLB133950,MLB-STREAMING_MEDIA_DEVICES,549.99,549.99,,BRL,new,276901797,True,xd_drop_off,,gold_special,https://produto.mercadolivre.com.br/MLB-1805656853-google-chromecast-with-google-tv-4-geraco-com-comando-de-voz-ga01919-us-_JM,active,True,MLB16233185,São Paulo,São Paulo,Brasil
MLB3820712515,Roku Express Streaming Player Full Hd Conversor Smart Tv Nf,Roku,MLB133950,MLB-STREAMING_MEDIA_DEVICES,286.22,286.22,,BRL,new,185147827,True,fulfillment,,gold_special,https://produto.mercadolivre.com.br/MLB-3820712515-roku-express-streaming-player-full-hd-conversor-smart-tv-nf-_JM,active,False,MLB24817938,Barueri,São Paulo,Brasil
